https://raw.githubusercontent.com/trompamusic-encodings/Beethoven_Op35_BreitkopfHaertel/master/Beethoven_Op35-BreitkopfHaertel.mei|trompamusic-encodings|Beethoven_Op35_BreitkopfHaertel|Beethoven_Op35-BreitkopfHaertel.mei|Eroica Variations (Opus 35)|Beethoven, Ludwig van
https://raw.githubusercontent.com/trompamusic-encodings/Beethoven_Op33_BreitkopfHaertel/master/Beethoven_Op33-Breitkopf.mei|trompamusic-encodings|Beethoven_Op33_BreitkopfHaertel|Beethoven_Op33-Breitkopf.mei|7 Bagatelles (Opus 33)|Beethoven, Ludwig van
https://raw.githubusercontent.com/trompamusic-encodings/Beethoven_Op33_BreitkopfHaertel/master/Beethoven_Op33_Nr6-Breitkopf.mei|trompamusic-encodings|Beethoven_Op33_BreitkopfHaertel|Beethoven_Op33_Nr6-Breitkopf.mei|7 Bagatelles (Opus 33)|Beethoven, Ludwig van
https://raw.githubusercontent.com/trompamusic-encodings/Beethoven_Op33_BreitkopfHaertel/master/Beethoven_Op33_Nr7-Breitkopf.mei|trompamusic-encodings|Beethoven_Op33_BreitkopfHaertel|Beethoven_Op33_Nr7-Breitkopf.mei|7 Bagatelles (Opus 33)|Beethoven, Ludwig van
https://raw.githubusercontent.com/trompamusic-encodings/Beethoven_Op33_BreitkopfHaertel/master/Beethoven_Op33_Nr2-Breitkopf.mei|trompamusic-encodings|Beethoven_Op33_BreitkopfHaertel|Beethoven_Op33_Nr2-Breitkopf.mei|7 Bagatelles (Opus 33)|Beethoven, Ludwig van
https://raw.githubusercontent.com/trompamusic-encodings/Beethoven_Op33_BreitkopfHaertel/master/Beethoven_Op33_Nr1-Breitkopf.mei|trompamusic-encodings|Beethoven_Op33_BreitkopfHaertel|Beethoven_Op33_Nr1-Breitkopf.mei|7 Bagatelles (Opus 33)|Beethoven, Ludwig van
https://raw.githubusercontent.com/trompamusic-encodings/Beethoven_Op33_BreitkopfHaertel/master/Beethoven_Op33_Nr3-Breitkopf.mei|trompamusic-encodings|Beethoven_Op33_BreitkopfHaertel|Beethoven_Op33_Nr3-Breitkopf.mei|7 Bagatelles (Opus 33)|Beethoven, Ludwig van
https://raw.githubusercontent.com/trompamusic-encodings/Beethoven_Op33_BreitkopfHaertel/master/Beethoven_Op33_Nr4-Breitkopf.mei|trompamusic-encodings|Beethoven_Op33_BreitkopfHaertel|Beethoven_Op33_Nr4-Breitkopf.mei|7 Bagatelles (Opus 33)|Beethoven, Ludwig van
https://raw.githubusercontent.com/trompamusic-encodings/Beethoven_Op33_BreitkopfHaertel/master/Beethoven_Op33_Nr5-Breitkopf.mei|trompamusic-encodings|Beethoven_Op33_BreitkopfHaertel|Beethoven_Op33_Nr5-Breitkopf.mei|7 Bagatelles (Opus 33)|Beethoven, Ludwig van
https://raw.githubusercontent.com/trompamusic-encodings/Beethoven_WoO80_BreitkopfHaertel/master/Beethoven_WoO80-Breitkopf.mei|trompamusic-encodings|Beethoven_WoO80_BreitkopfHaertel|Beethoven_WoO80-Breitkopf.mei|32 Variations in c minor (WoO 80)|Beethoven, Ludwig van
https://raw.githubusercontent.com/trompamusic-encodings/Beethoven_Op129_BreitkopfHaertel/master/Beethoven_Op129-Breitkopf.mei|trompamusic-encodings|Beethoven_Op129_BreitkopfHaertel|Beethoven_Op129-Breitkopf.mei|Rondo a Capriccio (Opus 129 „Die Wut über den verlorenen Groschen“)|Beethoven, Ludwig van
https://raw.githubusercontent.com/trompamusic-encodings/Beethoven_Op53_HenleUrtext/master/Beethoven_Op53_3-HenleUrtext.mei|trompamusic-encodings|Beethoven_Op53_HenleUrtext|Beethoven_Op53_3-HenleUrtext.mei|Sonata for Piano (Opus 53)|Beethoven, Ludwig van
https://raw.githubusercontent.com/trompamusic-encodings/Beethoven_Op53_HenleUrtext/master/Beethoven_Op53_1-HenleUrtext.mei|trompamusic-encodings|Beethoven_Op53_HenleUrtext|Beethoven_Op53_1-HenleUrtext.mei|Sonata for Piano (Opus 53)|Beethoven, Ludwig van
https://raw.githubusercontent.com/trompamusic-encodings/Beethoven_Op53_HenleUrtext/master/Beethoven_Op53-HenleUrtext.mei|trompamusic-encodings|Beethoven_Op53_HenleUrtext|Beethoven_Op53-HenleUrtext.mei|Sonata for Piano (Opus 53)|Beethoven, Ludwig van
https://raw.githubusercontent.com/trompamusic-encodings/Beethoven_Op53_HenleUrtext/master/Beethoven_Op53_2-HenleUrtext.mei|trompamusic-encodings|Beethoven_Op53_HenleUrtext|Beethoven_Op53_2-HenleUrtext.mei|Sonata for Piano (Opus 53)|Beethoven, Ludwig van
https://raw.githubusercontent.com/trompamusic-encodings/Beethoven_Op28_HenleUrtext/master/Beethoven_Op28_3-HenleUrtext.mei|trompamusic-encodings|Beethoven_Op28_HenleUrtext|Beethoven_Op28_3-HenleUrtext.mei|Sonata for Piano (Opus 28), third movement|Beethoven, Ludwig van
https://raw.githubusercontent.com/trompamusic-encodings/Beethoven_Op28_HenleUrtext/master/Beethoven_Op28-HenleUrtext.mei|trompamusic-encodings|Beethoven_Op28_HenleUrtext|Beethoven_Op28-HenleUrtext.mei|Sonata for Piano (Opus 28), third movement|Beethoven, Ludwig van
https://raw.githubusercontent.com/trompamusic-encodings/Beethoven_Op119_BreitkopfHaertel/master/Beethoven_Op119_Nr09-Breitkopf.mei|trompamusic-encodings|Beethoven_Op119_BreitkopfHaertel|Beethoven_Op119_Nr09-Breitkopf.mei|11 Bagatelles (Opus 119)|Beethoven, Ludwig van
https://raw.githubusercontent.com/trompamusic-encodings/Beethoven_Op119_BreitkopfHaertel/master/Beethoven_Op119_Nr03-Breitkopf.mei|trompamusic-encodings|Beethoven_Op119_BreitkopfHaertel|Beethoven_Op119_Nr03-Breitkopf.mei|11 Bagatelles (Opus 119)|Beethoven, Ludwig van
https://raw.githubusercontent.com/trompamusic-encodings/Beethoven_Op119_BreitkopfHaertel/master/Beethoven_Op119_Nr04-Breitkopf.mei|trompamusic-encodings|Beethoven_Op119_BreitkopfHaertel|Beethoven_Op119_Nr04-Breitkopf.mei|11 Bagatelles (Opus 119)|Beethoven, Ludwig van
https://raw.githubusercontent.com/trompamusic-encodings/Beethoven_Op119_BreitkopfHaertel/master/Beethoven_Op119_Nr05-Breitkopf.mei|trompamusic-encodings|Beethoven_Op119_BreitkopfHaertel|Beethoven_Op119_Nr05-Breitkopf.mei|11 Bagatelles (Opus 119)|Beethoven, Ludwig van
https://raw.githubusercontent.com/trompamusic-encodings/Beethoven_Op119_BreitkopfHaertel/master/Beethoven_Op119_Nr01-Breitkopf.mei|trompamusic-encodings|Beethoven_Op119_BreitkopfHaertel|Beethoven_Op119_Nr01-Breitkopf.mei|11 Bagatelles (Opus 119)|Beethoven, Ludwig van
https://raw.githubusercontent.com/trompamusic-encodings/Beethoven_Op119_BreitkopfHaertel/master/Beethoven_Op119-Breitkopf.mei|trompamusic-encodings|Beethoven_Op119_BreitkopfHaertel|Beethoven_Op119-Breitkopf.mei|11 Bagatelles (Opus 119)|Beethoven, Ludwig van
https://raw.githubusercontent.com/trompamusic-encodings/Beethoven_Op119_BreitkopfHaertel/master/Beethoven_Op119_Nr02-Breitkopf.mei|trompamusic-encodings|Beethoven_Op119_BreitkopfHaertel|Beethoven_Op119_Nr02-Breitkopf.mei|11 Bagatelles (Opus 119)|Beethoven, Ludwig van
https://raw.githubusercontent.com/trompamusic-encodings/Beethoven_Op119_BreitkopfHaertel/master/Beethoven_Op119_Nr11-Breitkopf.mei|trompamusic-encodings|Beethoven_Op119_BreitkopfHaertel|Beethoven_Op119_Nr11-Breitkopf.mei|11 Bagatelles (Opus 119)|Beethoven, Ludwig van
https://raw.githubusercontent.com/trompamusic-encodings/Beethoven_Op119_BreitkopfHaertel/master/Beethoven_Op119_Nr07-Breitkopf.mei|trompamusic-encodings|Beethoven_Op119_BreitkopfHaertel|Beethoven_Op119_Nr07-Breitkopf.mei|11 Bagatelles (Opus 119)|Beethoven, Ludwig van
https://raw.githubusercontent.com/trompamusic-encodings/Beethoven_Op119_BreitkopfHaertel/master/Beethoven_Op119_Nr10-Breitkopf.mei|trompamusic-encodings|Beethoven_Op119_BreitkopfHaertel|Beethoven_Op119_Nr10-Breitkopf.mei|11 Bagatelles (Opus 119)|Beethoven, Ludwig van
https://raw.githubusercontent.com/trompamusic-encodings/Beethoven_Op119_BreitkopfHaertel/master/Beethoven_Op119_Nr08-Breitkopf.mei|trompamusic-encodings|Beethoven_Op119_BreitkopfHaertel|Beethoven_Op119_Nr08-Breitkopf.mei|11 Bagatelles (Opus 119)|Beethoven, Ludwig van
https://raw.githubusercontent.com/trompamusic-encodings/Beethoven_Op119_BreitkopfHaertel/master/Beethoven_Op119_Nr06-Breitkopf.mei|trompamusic-encodings|Beethoven_Op119_BreitkopfHaertel|Beethoven_Op119_Nr06-Breitkopf.mei|11 Bagatelles (Opus 119)|Beethoven, Ludwig van
https://raw.githubusercontent.com/trompamusic-encodings/Beethoven_WoOAnh5_BreitkopfHaertel/master/Beethoven_WoOAnh5_Nr1_1-Breitkopf.mei|trompamusic-encodings|Beethoven_WoOAnh5_BreitkopfHaertel|Beethoven_WoOAnh5_Nr1_1-Breitkopf.mei|Two Sonatinas for Piano (WoO Anh. 5 No 1 and WoO Anh. 5 No 2)|Beethoven, Ludwig van
https://raw.githubusercontent.com/trompamusic-encodings/Beethoven_WoOAnh5_BreitkopfHaertel/master/Beethoven_WoOAnh5_Nr1_2-Breitkopf.mei|trompamusic-encodings|Beethoven_WoOAnh5_BreitkopfHaertel|Beethoven_WoOAnh5_Nr1_2-Breitkopf.mei|Two Sonatinas for Piano (WoO Anh. 5 No 1 and WoO Anh. 5 No 2)|Beethoven, Ludwig van
https://raw.githubusercontent.com/trompamusic-encodings/Beethoven_WoOAnh5_BreitkopfHaertel/master/Beethoven_WoOAnh5.mei|trompamusic-encodings|Beethoven_WoOAnh5_BreitkopfHaertel|Beethoven_WoOAnh5.mei|Two Sonatinas for Piano (WoO Anh. 5 No 1 and WoO Anh. 5 No 2)|Beethoven, Ludwig van
https://raw.githubusercontent.com/trompamusic-encodings/Beethoven_WoOAnh5_BreitkopfHaertel/master/Beethoven_WoOAnh5_Nr2_2-Breitkopf.mei|trompamusic-encodings|Beethoven_WoOAnh5_BreitkopfHaertel|Beethoven_WoOAnh5_Nr2_2-Breitkopf.mei|Two Sonatinas for Piano (WoO Anh. 5 No 1 and WoO Anh. 5 No 2)|Beethoven, Ludwig van
https://raw.githubusercontent.com/trompamusic-encodings/Beethoven_WoOAnh5_BreitkopfHaertel/master/Beethoven_WoOAnh5_Nr2_1-Breitkopf.mei|trompamusic-encodings|Beethoven_WoOAnh5_BreitkopfHaertel|Beethoven_WoOAnh5_Nr2_1-Breitkopf.mei|Two Sonatinas for Piano (WoO Anh. 5 No 1 and WoO Anh. 5 No 2)|Beethoven, Ludwig van
https://raw.githubusercontent.com/trompamusic-encodings/Beethoven_WoO69_BreitkopfHaertel/master/Beethoven_WoO69-Breitkopf.mei|trompamusic-encodings|Beethoven_WoO69_BreitkopfHaertel|Beethoven_WoO69-Breitkopf.mei|"9 Variations on ""Quanto è bello l'amor contadino"" (WoO 69)"|Beethoven, Ludwig van
https://raw.githubusercontent.com/trompamusic-encodings/Beethoven_WoO71_BreitkopfHaertel/master/Beethoven_WoO71-Breitkopf.mei|trompamusic-encodings|Beethoven_WoO71_BreitkopfHaertel|Beethoven_WoO71-Breitkopf.mei|"12 Variations on the Russian Dance from ""Das Waldmädchen"" (WoO 71)"|Beethoven, Ludwig van
https://raw.githubusercontent.com/trompamusic-encodings/Schumann-Clara_Romanze-in-a-Moll/master/Schumann-Clara_Romanze-ohne-Opuszahl_a-Moll.mei|trompamusic-encodings|Schumann-Clara_Romanze-in-a-Moll|Schumann-Clara_Romanze-ohne-Opuszahl_a-Moll.mei|Romanze in a-Moll (WoO 28)|Schumann, Clara
https://raw.githubusercontent.com/trompamusic-encodings/Beethoven_WoO65_BreitkopfHaertel/master/Beethoven_WoO65-Breitkopf.mei|trompamusic-encodings|Beethoven_WoO65_BreitkopfHaertel|Beethoven_WoO65-Breitkopf.mei|24 Variations on 'Vieni Amore' by Vincenzo Righini (WoO 65)|Beethoven, Ludwig van
https://raw.githubusercontent.com/trompamusic-encodings/Beethoven_Op31_No3_HenleUrtext/master/Beethoven_Op31_No3_1-HenleUrtext.mei|trompamusic-encodings|Beethoven_Op31_No3_HenleUrtext|Beethoven_Op31_No3_1-HenleUrtext.mei|Sonata for Piano (Opus 31 No. 3)|Beethoven, Ludwig van
https://raw.githubusercontent.com/trompamusic-encodings/Beethoven_Op31_No3_HenleUrtext/master/Beethoven_Op31_No3-HenleUrtext.mei|trompamusic-encodings|Beethoven_Op31_No3_HenleUrtext|Beethoven_Op31_No3-HenleUrtext.mei|Sonata for Piano (Opus 31 No. 3)|Beethoven, Ludwig van
https://raw.githubusercontent.com/trompamusic-encodings/Beethoven_Op31_No3_HenleUrtext/master/Beethoven_Op31_No3_3-HenleUrtext.mei|trompamusic-encodings|Beethoven_Op31_No3_HenleUrtext|Beethoven_Op31_No3_3-HenleUrtext.mei|Sonata for Piano (Opus 31 No. 3)|Beethoven, Ludwig van
https://raw.githubusercontent.com/trompamusic-encodings/Beethoven_Op31_No3_HenleUrtext/master/Beethoven_Op31_No3_2-HenleUrtext.mei|trompamusic-encodings|Beethoven_Op31_No3_HenleUrtext|Beethoven_Op31_No3_2-HenleUrtext.mei|Sonata for Piano (Opus 31 No. 3)|Beethoven, Ludwig van
https://raw.githubusercontent.com/trompamusic-encodings/Beethoven_Op31_No3_HenleUrtext/master/Beethoven_Op31_No3_4-HenleUrtext.mei|trompamusic-encodings|Beethoven_Op31_No3_HenleUrtext|Beethoven_Op31_No3_4-HenleUrtext.mei|Sonata for Piano (Opus 31 No. 3)|Beethoven, Ludwig van
https://raw.githubusercontent.com/trompamusic-encodings/Beethoven_Op120_BreitkopfHaertel/master/Beethoven_Op120-Breitkopf.mei|trompamusic-encodings|Beethoven_Op120_BreitkopfHaertel|Beethoven_Op120-Breitkopf.mei|33 Veränderungen über einen Walzer von A. Diabelli (Op. 120)|Beethoven, Ludwig van
https://raw.githubusercontent.com/trompamusic-encodings/Beethoven_WoO70_BreitkopfHaertel/master/Beethoven_WoO70-Breitkopf.mei|trompamusic-encodings|Beethoven_WoO70_BreitkopfHaertel|Beethoven_WoO70-Breitkopf.mei|"6 Variations on ""Nel cor più non mi sento"" (WoO 70)"|Beethoven, Ludwig van
https://raw.githubusercontent.com/trompamusic-encodings/Beethoven_Op126_BreitkopfHaertel/master/Beethoven_Op126_Nr3-Breitkopf.mei|trompamusic-encodings|Beethoven_Op126_BreitkopfHaertel|Beethoven_Op126_Nr3-Breitkopf.mei|6 Bagatelles (Opus 126)|Beethoven, Ludwig van
https://raw.githubusercontent.com/trompamusic-encodings/Beethoven_Op126_BreitkopfHaertel/master/Beethoven_Op126_Nr2-Breitkopf.mei|trompamusic-encodings|Beethoven_Op126_BreitkopfHaertel|Beethoven_Op126_Nr2-Breitkopf.mei|6 Bagatelles (Opus 126)|Beethoven, Ludwig van
https://raw.githubusercontent.com/trompamusic-encodings/Beethoven_Op126_BreitkopfHaertel/master/Beethoven_Op126_Nr6-Breitkopf.mei|trompamusic-encodings|Beethoven_Op126_BreitkopfHaertel|Beethoven_Op126_Nr6-Breitkopf.mei|6 Bagatelles (Opus 126)|Beethoven, Ludwig van
https://raw.githubusercontent.com/trompamusic-encodings/Beethoven_Op126_BreitkopfHaertel/master/Beethoven_Op126-Breitkopf.mei|trompamusic-encodings|Beethoven_Op126_BreitkopfHaertel|Beethoven_Op126-Breitkopf.mei|6 Bagatelles (Opus 126)|Beethoven, Ludwig van
https://raw.githubusercontent.com/trompamusic-encodings/Beethoven_Op126_BreitkopfHaertel/master/Beethoven_Op126_Nr4-Breitkopf.mei|trompamusic-encodings|Beethoven_Op126_BreitkopfHaertel|Beethoven_Op126_Nr4-Breitkopf.mei|6 Bagatelles (Opus 126)|Beethoven, Ludwig van
https://raw.githubusercontent.com/trompamusic-encodings/Beethoven_Op126_BreitkopfHaertel/master/Beethoven_Op126_Nr1-Breitkopf.mei|trompamusic-encodings|Beethoven_Op126_BreitkopfHaertel|Beethoven_Op126_Nr1-Breitkopf.mei|6 Bagatelles (Opus 126)|Beethoven, Ludwig van
https://raw.githubusercontent.com/trompamusic-encodings/Beethoven_Op126_BreitkopfHaertel/master/Beethoven_Op126_Nr5-Breitkopf.mei|trompamusic-encodings|Beethoven_Op126_BreitkopfHaertel|Beethoven_Op126_Nr5-Breitkopf.mei|6 Bagatelles (Opus 126)|Beethoven, Ludwig van
https://raw.githubusercontent.com/trompamusic-encodings/Beethoven_Op89_BreitkopfHaertel/master/Beethoven_Op89-BreitkopfHaertel.mei|trompamusic-encodings|Beethoven_Op89_BreitkopfHaertel|Beethoven_Op89-BreitkopfHaertel.mei|Polonaise (Opus 89), Breitkopf und Härtel edition, 1862–90. Plate B.188.|Beethoven, Ludwig van
https://raw.githubusercontent.com/trompamusic-encodings/Beethoven_Op34_BreitkopfHaertel/master/Beethoven_Op34-Breitkopf.mei|trompamusic-encodings|Beethoven_Op34_BreitkopfHaertel|Beethoven_Op34-Breitkopf.mei|Sechs Variationen in F-Dur (Opus 34)|Beethoven, Ludwig van
https://raw.githubusercontent.com/trompamusic-encodings/Beethoven_WoO59_BreitkopfHaertel/master/Beethoven_WoO59-Breitkopf.mei|trompamusic-encodings|Beethoven_WoO59_BreitkopfHaertel|Beethoven_WoO59-Breitkopf.mei|Clavierstück „Für Elise“ (WoO 59)|Beethoven, Ludwig van
https://raw.githubusercontent.com/trompamusic-encodings/Beethoven_WoO57_BreitkopfHaertel/master/Beethoven_WoO57-Breitkopf.mei|trompamusic-encodings|Beethoven_WoO57_BreitkopfHaertel|Beethoven_WoO57-Breitkopf.mei|Andante favori (WoO 57)|Beethoven, Ludwig van
https://raw.githubusercontent.com/trompamusic-encodings/Beethoven_Op77_BreitkopfHaertel/master/Beethoven_Op77-BreitkopfHaertel.mei|trompamusic-encodings|Beethoven_Op77_BreitkopfHaertel|Beethoven_Op77-BreitkopfHaertel.mei|Phantasie (Opus 77)|Beethoven, Ludwig van
https://raw.githubusercontent.com/trompamusic-encodings/Beethoven_Op51_BreitkopfHaertel/master/Beethoven_Op51_Nr1-BreitkopfHaertel.mei|trompamusic-encodings|Beethoven_Op51_BreitkopfHaertel|Beethoven_Op51_Nr1-BreitkopfHaertel.mei|Two Rondos (Opus 51 No.1 and Opus 51 No.2)|Beethoven, Ludwig van
https://raw.githubusercontent.com/trompamusic-encodings/Beethoven_Op51_BreitkopfHaertel/master/Beethoven_Op51_Nr2-BreitkopfHaertel.mei|trompamusic-encodings|Beethoven_Op51_BreitkopfHaertel|Beethoven_Op51_Nr2-BreitkopfHaertel.mei|Two Rondos (Opus 51 No.1 and Opus 51 No.2)|Beethoven, Ludwig van
https://raw.githubusercontent.com/trompamusic-encodings/Beethoven_Op51_BreitkopfHaertel/master/Beethoven_Op51-BreitkopfHaertel.mei|trompamusic-encodings|Beethoven_Op51_BreitkopfHaertel|Beethoven_Op51-BreitkopfHaertel.mei|Two Rondos (Opus 51 No.1 and Opus 51 No.2)|Beethoven, Ludwig van
https://raw.githubusercontent.com/craigsapp/mozart-piano-sonatas/master/kern/sonata02-2.krn|craigsapp|mozart-piano-sonatas|sonata02-2.krn|Piano Sonata No. 2 in F major|Mozart, Wolfgang Amadeus
https://raw.githubusercontent.com/craigsapp/mozart-piano-sonatas/master/kern/sonata06-3g.krn|craigsapp|mozart-piano-sonatas|sonata06-3g.krn|Piano Sonata No. 6 in D major|Mozart, Wolfgang Amadeus
https://raw.githubusercontent.com/craigsapp/mozart-piano-sonatas/master/kern/sonata11-1d.krn|craigsapp|mozart-piano-sonatas|sonata11-1d.krn|Piano Sonata No. 11 in A major|Mozart, Wolfgang Amadeus
https://raw.githubusercontent.com/craigsapp/mozart-piano-sonatas/master/kern/sonata08-1.krn|craigsapp|mozart-piano-sonatas|sonata08-1.krn|Piano Sonata No. 8 in A minor|Mozart, Wolfgang Amadeus
https://raw.githubusercontent.com/craigsapp/mozart-piano-sonatas/master/kern/sonata06-1.krn|craigsapp|mozart-piano-sonatas|sonata06-1.krn|Piano Sonata No. 6 in D major|Mozart, Wolfgang Amadeus
https://raw.githubusercontent.com/craigsapp/mozart-piano-sonatas/master/kern/sonata12-3.krn|craigsapp|mozart-piano-sonatas|sonata12-3.krn|Piano Sonata No. 12 in F major|Mozart, Wolfgang Amadeus
https://raw.githubusercontent.com/craigsapp/mozart-piano-sonatas/master/kern/sonata07-1.krn|craigsapp|mozart-piano-sonatas|sonata07-1.krn|Piano Sonata No. 7 in C major|Mozart, Wolfgang Amadeus
https://raw.githubusercontent.com/craigsapp/mozart-piano-sonatas/master/kern/sonata10-1.krn|craigsapp|mozart-piano-sonatas|sonata10-1.krn|Piano Sonata No. 10 in C major|Mozart, Wolfgang Amadeus
https://raw.githubusercontent.com/craigsapp/mozart-piano-sonatas/master/kern/sonata06-3l.krn|craigsapp|mozart-piano-sonatas|sonata06-3l.krn|Piano Sonata No. 6 in D major|Mozart, Wolfgang Amadeus
https://raw.githubusercontent.com/craigsapp/mozart-piano-sonatas/master/kern/sonata17-2.krn|craigsapp|mozart-piano-sonatas|sonata17-2.krn|Piano Sonata No. 17 in D major|Mozart, Wolfgang Amadeus
https://raw.githubusercontent.com/craigsapp/mozart-piano-sonatas/master/kern/sonata12-1.krn|craigsapp|mozart-piano-sonatas|sonata12-1.krn|Piano Sonata No. 12 in F major|Mozart, Wolfgang Amadeus
https://raw.githubusercontent.com/craigsapp/mozart-piano-sonatas/master/kern/sonata06-3j.krn|craigsapp|mozart-piano-sonatas|sonata06-3j.krn|Piano Sonata No. 6 in D major|Mozart, Wolfgang Amadeus
https://raw.githubusercontent.com/craigsapp/mozart-piano-sonatas/master/kern/sonata17-1.krn|craigsapp|mozart-piano-sonatas|sonata17-1.krn|Piano Sonata No. 17 in D major|Mozart, Wolfgang Amadeus
https://raw.githubusercontent.com/craigsapp/mozart-piano-sonatas/master/kern/sonata09-1.krn|craigsapp|mozart-piano-sonatas|sonata09-1.krn|Piano Sonata No. 9 in D major|Mozart, Wolfgang Amadeus
https://raw.githubusercontent.com/craigsapp/mozart-piano-sonatas/master/kern/sonata04-2.krn|craigsapp|mozart-piano-sonatas|sonata04-2.krn|Piano Sonata No. 4 in E-flat major|Mozart, Wolfgang Amadeus
https://raw.githubusercontent.com/craigsapp/mozart-piano-sonatas/master/kern/sonata01-1.krn|craigsapp|mozart-piano-sonatas|sonata01-1.krn|Piano Sonata No. 1 in C major|Mozart, Wolfgang Amadeus
https://raw.githubusercontent.com/craigsapp/mozart-piano-sonatas/master/kern/sonata06-3m.krn|craigsapp|mozart-piano-sonatas|sonata06-3m.krn|Piano Sonata No. 6 in D major|Mozart, Wolfgang Amadeus
https://raw.githubusercontent.com/craigsapp/mozart-piano-sonatas/master/kern/sonata05-2.krn|craigsapp|mozart-piano-sonatas|sonata05-2.krn|Piano Sonata No. 5 in G major|Mozart, Wolfgang Amadeus
https://raw.githubusercontent.com/craigsapp/mozart-piano-sonatas/master/kern/sonata03-2.krn|craigsapp|mozart-piano-sonatas|sonata03-2.krn|Piano Sonata No. 3 in B-flat major|Mozart, Wolfgang Amadeus
https://raw.githubusercontent.com/craigsapp/mozart-piano-sonatas/master/kern/sonata10-2.krn|craigsapp|mozart-piano-sonatas|sonata10-2.krn|Piano Sonata No. 10 in C major|Mozart, Wolfgang Amadeus
https://raw.githubusercontent.com/craigsapp/mozart-piano-sonatas/master/kern/sonata13-2.krn|craigsapp|mozart-piano-sonatas|sonata13-2.krn|Piano Sonata No. 13 in B-flat major|Mozart, Wolfgang Amadeus
https://raw.githubusercontent.com/craigsapp/mozart-piano-sonatas/master/kern/sonata08-3.krn|craigsapp|mozart-piano-sonatas|sonata08-3.krn|Piano Sonata No. 8 in A minor|Mozart, Wolfgang Amadeus
https://raw.githubusercontent.com/craigsapp/mozart-piano-sonatas/master/kern/sonata11-3.krn|craigsapp|mozart-piano-sonatas|sonata11-3.krn|Piano Sonata No. 11 in A major|Mozart, Wolfgang Amadeus
https://raw.githubusercontent.com/craigsapp/mozart-piano-sonatas/master/kern/sonata01-3.krn|craigsapp|mozart-piano-sonatas|sonata01-3.krn|Piano Sonata No. 1 in C major|Mozart, Wolfgang Amadeus
https://raw.githubusercontent.com/craigsapp/mozart-piano-sonatas/master/kern/sonata11-1c.krn|craigsapp|mozart-piano-sonatas|sonata11-1c.krn|Piano Sonata No. 11 in A major|Mozart, Wolfgang Amadeus
https://raw.githubusercontent.com/craigsapp/mozart-piano-sonatas/master/kern/sonata11-1a.krn|craigsapp|mozart-piano-sonatas|sonata11-1a.krn|Piano Sonata No. 11 in A major|Mozart, Wolfgang Amadeus
https://raw.githubusercontent.com/craigsapp/mozart-piano-sonatas/master/kern/sonata15-2.krn|craigsapp|mozart-piano-sonatas|sonata15-2.krn|Piano Sonata No. 15 in C major|Mozart, Wolfgang Amadeus
https://raw.githubusercontent.com/craigsapp/mozart-piano-sonatas/master/kern/sonata11-1e.krn|craigsapp|mozart-piano-sonatas|sonata11-1e.krn|Piano Sonata No. 11 in A major|Mozart, Wolfgang Amadeus
https://raw.githubusercontent.com/craigsapp/mozart-piano-sonatas/master/kern/sonata15-1.krn|craigsapp|mozart-piano-sonatas|sonata15-1.krn|Piano Sonata No. 15 in C major|Mozart, Wolfgang Amadeus
https://raw.githubusercontent.com/craigsapp/mozart-piano-sonatas/master/kern/sonata11-1b.krn|craigsapp|mozart-piano-sonatas|sonata11-1b.krn|Piano Sonata No. 11 in A major|Mozart, Wolfgang Amadeus
https://raw.githubusercontent.com/craigsapp/mozart-piano-sonatas/master/kern/sonata15-3.krn|craigsapp|mozart-piano-sonatas|sonata15-3.krn|Sonata No. 15 in C major|Mozart, Wolfgang Amadeus
https://raw.githubusercontent.com/craigsapp/mozart-piano-sonatas/master/kern/sonata06-3b.krn|craigsapp|mozart-piano-sonatas|sonata06-3b.krn|Piano Sonata No. 6 in D major|Mozart, Wolfgang Amadeus
https://raw.githubusercontent.com/craigsapp/mozart-piano-sonatas/master/kern/sonata06-3c.krn|craigsapp|mozart-piano-sonatas|sonata06-3c.krn|Piano Sonata No. 6 in D major|Mozart, Wolfgang Amadeus
https://raw.githubusercontent.com/craigsapp/mozart-piano-sonatas/master/kern/sonata10-3.krn|craigsapp|mozart-piano-sonatas|sonata10-3.krn|Piano Sonata No. 10 in C major|Mozart, Wolfgang Amadeus
https://raw.githubusercontent.com/craigsapp/mozart-piano-sonatas/master/kern/sonata06-2.krn|craigsapp|mozart-piano-sonatas|sonata06-2.krn|Piano Sonata No. 6 in D major|Mozart, Wolfgang Amadeus
https://raw.githubusercontent.com/craigsapp/mozart-piano-sonatas/master/kern/sonata13-1.krn|craigsapp|mozart-piano-sonatas|sonata13-1.krn|Piano Sonata No. 13 in B-flat major|Mozart, Wolfgang Amadeus
https://raw.githubusercontent.com/craigsapp/mozart-piano-sonatas/master/kern/sonata14-2.krn|craigsapp|mozart-piano-sonatas|sonata14-2.krn|Piano Sonata No. 14 in C minor|Mozart, Wolfgang Amadeus
https://raw.githubusercontent.com/craigsapp/mozart-piano-sonatas/master/kern/sonata06-3h.krn|craigsapp|mozart-piano-sonatas|sonata06-3h.krn|Piano Sonata No. 6 in D major|Mozart, Wolfgang Amadeus
https://raw.githubusercontent.com/craigsapp/mozart-piano-sonatas/master/kern/sonata09-3.krn|craigsapp|mozart-piano-sonatas|sonata09-3.krn|Piano Sonata No. 9 in D major|Mozart, Wolfgang Amadeus
https://raw.githubusercontent.com/craigsapp/mozart-piano-sonatas/master/kern/sonata11-1g.krn|craigsapp|mozart-piano-sonatas|sonata11-1g.krn|Piano Sonata No. 11 in A major|Mozart, Wolfgang Amadeus
https://raw.githubusercontent.com/craigsapp/mozart-piano-sonatas/master/kern/sonata02-3.krn|craigsapp|mozart-piano-sonatas|sonata02-3.krn|Piano Sonata No. 2 in F major|Mozart, Wolfgang Amadeus
https://raw.githubusercontent.com/craigsapp/mozart-piano-sonatas/master/kern/sonata03-1.krn|craigsapp|mozart-piano-sonatas|sonata03-1.krn|Piano Sonata No. 3 in B-flat major|Mozart, Wolfgang Amadeus
https://raw.githubusercontent.com/craigsapp/mozart-piano-sonatas/master/kern/sonata09-2.krn|craigsapp|mozart-piano-sonatas|sonata09-2.krn|Piano Sonata No. 9 in D major|Mozart, Wolfgang Amadeus
https://raw.githubusercontent.com/craigsapp/mozart-piano-sonatas/master/kern/sonata06-3d.krn|craigsapp|mozart-piano-sonatas|sonata06-3d.krn|Piano Sonata No. 6 in D major|Mozart, Wolfgang Amadeus
https://raw.githubusercontent.com/craigsapp/mozart-piano-sonatas/master/kern/sonata14-1.krn|craigsapp|mozart-piano-sonatas|sonata14-1.krn|Piano Sonata No. 14 in C minor|Mozart, Wolfgang Amadeus
https://raw.githubusercontent.com/craigsapp/mozart-piano-sonatas/master/kern/sonata06-3e.krn|craigsapp|mozart-piano-sonatas|sonata06-3e.krn|Piano Sonata No. 6 in D major|Mozart, Wolfgang Amadeus
https://raw.githubusercontent.com/craigsapp/mozart-piano-sonatas/master/kern/sonata01-2.krn|craigsapp|mozart-piano-sonatas|sonata01-2.krn|Piano Sonata No. 1 in C major|Mozart, Wolfgang Amadeus
https://raw.githubusercontent.com/craigsapp/mozart-piano-sonatas/master/kern/sonata05-1.krn|craigsapp|mozart-piano-sonatas|sonata05-1.krn|Piano Sonata No. 5 in G major|Mozart, Wolfgang Amadeus
https://raw.githubusercontent.com/craigsapp/mozart-piano-sonatas/master/kern/sonata12-2.krn|craigsapp|mozart-piano-sonatas|sonata12-2.krn|Piano Sonata No. 12 in F major|Mozart, Wolfgang Amadeus
https://raw.githubusercontent.com/craigsapp/mozart-piano-sonatas/master/kern/sonata17-3.krn|craigsapp|mozart-piano-sonatas|sonata17-3.krn|Piano Sonata No. 17 in D major|Mozart, Wolfgang Amadeus
https://raw.githubusercontent.com/craigsapp/mozart-piano-sonatas/master/kern/sonata04-1.krn|craigsapp|mozart-piano-sonatas|sonata04-1.krn|Piano Sonata No. 4 in E-flat major|Mozart, Wolfgang Amadeus
https://raw.githubusercontent.com/craigsapp/mozart-piano-sonatas/master/kern/sonata06-3f.krn|craigsapp|mozart-piano-sonatas|sonata06-3f.krn|Piano Sonata No. 6 in D major|Mozart, Wolfgang Amadeus
https://raw.githubusercontent.com/craigsapp/mozart-piano-sonatas/master/kern/sonata13-3.krn|craigsapp|mozart-piano-sonatas|sonata13-3.krn|Piano Sonata No. 13 in B-flat major|Mozart, Wolfgang Amadeus
https://raw.githubusercontent.com/craigsapp/mozart-piano-sonatas/master/kern/sonata06-3k.krn|craigsapp|mozart-piano-sonatas|sonata06-3k.krn|Piano Sonata No. 6 in D major|Mozart, Wolfgang Amadeus
https://raw.githubusercontent.com/craigsapp/mozart-piano-sonatas/master/kern/sonata07-2.krn|craigsapp|mozart-piano-sonatas|sonata07-2.krn|Piano Sonata No. 7 in C major|Mozart, Wolfgang Amadeus
https://raw.githubusercontent.com/craigsapp/mozart-piano-sonatas/master/kern/sonata05-3.krn|craigsapp|mozart-piano-sonatas|sonata05-3.krn|Piano Sonata No. 5 in G major|Mozart, Wolfgang Amadeus
https://raw.githubusercontent.com/craigsapp/mozart-piano-sonatas/master/kern/sonata04-3.krn|craigsapp|mozart-piano-sonatas|sonata04-3.krn|Piano Sonata No. 4 in E-flat major|Mozart, Wolfgang Amadeus
https://raw.githubusercontent.com/craigsapp/mozart-piano-sonatas/master/kern/sonata11-1f.krn|craigsapp|mozart-piano-sonatas|sonata11-1f.krn|Piano Sonata No. 11 in A major|Mozart, Wolfgang Amadeus
https://raw.githubusercontent.com/craigsapp/mozart-piano-sonatas/master/kern/sonata11-2.krn|craigsapp|mozart-piano-sonatas|sonata11-2.krn|Piano Sonata No. 11 in A major|Mozart, Wolfgang Amadeus
https://raw.githubusercontent.com/craigsapp/mozart-piano-sonatas/master/kern/sonata03-3.krn|craigsapp|mozart-piano-sonatas|sonata03-3.krn|Piano Sonata No. 3 in B-flat major|Mozart, Wolfgang Amadeus
https://raw.githubusercontent.com/craigsapp/mozart-piano-sonatas/master/kern/sonata02-1.krn|craigsapp|mozart-piano-sonatas|sonata02-1.krn|Piano Sonata No. 2 in F major|Mozart, Wolfgang Amadeus
https://raw.githubusercontent.com/craigsapp/mozart-piano-sonatas/master/kern/sonata16-2.krn|craigsapp|mozart-piano-sonatas|sonata16-2.krn|Piano Sonata No. 16 in B-flat major|Mozart, Wolfgang Amadeus
https://raw.githubusercontent.com/craigsapp/mozart-piano-sonatas/master/kern/sonata06-3i.krn|craigsapp|mozart-piano-sonatas|sonata06-3i.krn|Piano Sonata No. 6 in D major|Mozart, Wolfgang Amadeus
https://raw.githubusercontent.com/craigsapp/mozart-piano-sonatas/master/kern/sonata06-3a.krn|craigsapp|mozart-piano-sonatas|sonata06-3a.krn|Piano Sonata No. 6 in D major|Mozart, Wolfgang Amadeus
https://raw.githubusercontent.com/craigsapp/mozart-piano-sonatas/master/kern/sonata16-1.krn|craigsapp|mozart-piano-sonatas|sonata16-1.krn|Piano Sonata No. 16 in B-flat major|Mozart, Wolfgang Amadeus
https://raw.githubusercontent.com/craigsapp/mozart-piano-sonatas/master/kern/sonata08-2.krn|craigsapp|mozart-piano-sonatas|sonata08-2.krn|Piano Sonata No. 8 in A minor|Mozart, Wolfgang Amadeus
https://raw.githubusercontent.com/craigsapp/mozart-piano-sonatas/master/kern/sonata16-3.krn|craigsapp|mozart-piano-sonatas|sonata16-3.krn|Piano Sonata No. 16 in B-flat major|Mozart, Wolfgang Amadeus
https://raw.githubusercontent.com/craigsapp/mozart-piano-sonatas/master/kern/sonata14-3.krn|craigsapp|mozart-piano-sonatas|sonata14-3.krn|Piano Sonata No. 14 in C minor|Mozart, Wolfgang Amadeus
https://raw.githubusercontent.com/craigsapp/mozart-piano-sonatas/master/kern/sonata07-3.krn|craigsapp|mozart-piano-sonatas|sonata07-3.krn|Piano Sonata No. 7 in C major|Mozart, Wolfgang Amadeus
https://raw.githubusercontent.com/mei-friend/mei-markup-skeleton/refs/heads/main/03_Mondnacht-am-Meer_markup.mei|mei-friend|mei-markup-skeleton|03_Mondnacht-am-Meer_markup.mei|Mondnacht am Meer|Baumann, Ludwig